"Standford University, California2020-2024 Batch, 3rd Semester Class attendance percentage till Date",,,,,
Section,Class Roll,Enrollment No.,Registration No.,Student Name,% of Attendance
A,1,12020009001020,304202000900021,AARON ELLIS,81.3
A,2,12020009028032,304202000900861,ABE GUERRERO,50.0
A,3,12020009023048,304202000900745,ABEL ROY,32.3
A,4,12020009022284,304202000901049,ABNER BATES,49.0
A,5,12020009022071,304202000900538,ABRAHAM SILVA,78.1
A,6,12020009029002,304202000900904,ABRAM THORNTON,40.6
A,7,12020009023004,304202000900701,ADAM WALLACE,89.6
A,8,12020009028059,304202000900888,AUTHER MORSE,57.3
A,9,12020009001318,304202000900317,BAILEY MCCORMICK,22.9
A,10,12020009029024,304202000900926,BALLARD HERMAN,82.3
A,11,12020009022006,304202000900473,BARNEY MALDONADO,84.4
A,12,12020009001228,304202000900228,BRYANT BURGESS,71.9
A,13,12020009023051,304202000900748,CAESAR BRAVO,92.7
A,14,12020009022132,304202000900599,CAL SALINAS,25.0
A,15,12020009001080,304202000900081,CALEB CALDWELL,75.0
A,16,12020009022278,304202000901029,CALVIN JIMENEZ,83.3
A,17,12020009022133,304202000900600,CANDIDO NOBLE,83.3
A,18,12020009022063,304202000900530,CAREY PATTON,12.5
A,19,12020009022016,304202000900483,DALLAS PAGE,83.3
A,20,12020009023102,304202000900799,DAMON QUINTERO,89.6
A,21,12020009022051,304202000900518,DAN ROSS,53.1
A,22,12020009022052,304202000900519,DUDLEY LAMBERT,88.5
A,23,12020009022095,304202000900562,EARL PHILLIPS,85.4
A,24,12020009022053,304202000900520,EARLE FLEMING,38.5
A,25,12020009022025,304202000900492,EARLY HOOVER,10.4
A,26,12020009029008,304202000900910,EARNEST GUZMAN,91.7
A,27,12020009001275,304202000900275,EBEN TAPIA,55.2
A,28,12020009023087,304202000900784,EBER WINTERS,75.0
A,29,12020009023072,304202000900769,FATE ARIAS,91.7
A,30,12020009022253,304202000901004,FAY HODGES,58.3
A,31,12020009023120,304202000901032,FREDDIE WYATT,81.3
A,32,12020009027006,304202000900825,GABE VALENZUELA,78.1
A,33,12020009029061,304202000900963,GABRIEL ZHANG,28.1
A,34,12020009022285,304202000901050,GARFIELD GONZALES,10.4
A,35,12020009028064,304202000900893,HAL MEADOWS,59.4
A,36,12020009022234,304202000900694,HALLIE MCMILLAN,78.1
A,37,12020009022191,304202000900658,HAMILTON STEVENSON,9.4
A,38,12020009027007,304202000900826,HAMP BARRON,70.8
A,39,12020009022193,304202000900660,HAMPTON SMALL,74.0
A,40,12020009022057,304202000900524,IDA BERG,61.5
A,41,12020009022244,304202000900995,IKE LYNCH,43.8
A,42,12020009022108,304202000900575,JACK KIM,24.0
A,43,12020009022270,304202000901021,JACKSON LARSON,58.3
A,44,12020009022061,304202000900528,JACOB HILL,77.1
A,45,12020009001129,304202000900129,JAKE FERNANDEZ,68.8
A,46,12020009022268,304202000901019,JAMES WILLIAMS,82.3
A,47,12020009022196,304202000900663,KARL MCKINNEY,19.8
A,48,12020009001187,304202000900187,LACY ATKINS,81.3
A,49,12020009022148,304202000900615,LAFAYETTE MILES,64.6
A,50,12020009022043,304202000900510,LAFE MATHEWS,83.3
A,51,12020009001099,304202000900100,LARKIN GOODWIN,85.4
A,52,12020009029038,304202000900940,LARRY SALAS,80.2
A,53,12020009022243,304202000900994,MAC MARIN,77.1
A,54,12020009001030,304202000900031,MACK WEST,24.0
A,55,12020009022212,304202000900679,MADISON PHAM,82.3
A,56,12020009022159,304202000900626,MAHLON STRICKLAND,90.6
A,57,12020009001261,304202000900261,MAJOR BARNETT,57.3
A,58,12020009028037,304202000900866,MAL BERGER,49.0
A,59,12020009001115,304202000900115,NAPOLEON BREWER,46.9
A,60,12020009022123,304202000900590,NAT NORMAN,61.5
A,61,12020009022049,304202000900516,OBIE CISNEROS,86.5
A,62,12020009001284,304202000900284,OCTAVE HARRELL,33.3
A,63,12020009022170,304202000900637,ODIE MONTES,86.5
A,64,12020009001091,304202000900092,PABLO MORROW,90.6
A,65,12020009023079,304202000900776,PALMER BRADFORD,88.5
A,66,12020009022020,304202000900487,PARK CHOI,39.6
A,67,12020009001205,304202000900205,QUINCY MOSLEY,84.4
A,68,12020009001107,304202000900107,RAFAEL DORSEY,71.9
A,69,12020009023031,304202000900728,RALEIGH FRANK,87.5
A,70,12020009001198,304202000900198,RALPH TURNER,82.3
A,71,12020009001119,304202000900119,RAMON GARRISON,38.5
A,72,12020009022256,304202000901007,SAM SCOTT,83.3
A,73,12020009023080,304202000900777,SAMUEL TAYLOR,9.4
A,74,12020009005006,304202000900419,SANDY QUINN,85.4
B,1,12020009001034,304202000900035,ADDIE CALLAHAN,90.6
B,2,12020009023020,304202000900717,ADDISON KLEIN,86.5
B,3,12020009029006,304202000900908,ADELBERT MOLINA,77.1
B,4,12020009028065,304202000900894,ADEN SOLOMON,78.1
B,5,12020009022275,304202000901026,ADOLF ELLISON,54.2
B,6,12020009023043,304202000900740,ADOLPH WASHINGTON,88.5
B,7,12020009001149,304202000900149,ADOLPHUS CHAN,28.1
B,8,12020009001154,304202000900154,AUTHOR KNAPP,77.1
B,9,12020009001032,304202000900033,BART WOODARD,84.4
B,10,12020009001065,304202000900066,BASIL BRIGGS,77.1
B,11,12020009001189,304202000900189,BAXTER SHAH,75.0
B,12,12020009028067,304202000900896,BUD LE,87.5
B,13,12020009001087,304202000900088,CARL ADAMS,91.7
B,14,12020009022160,304202000900627,CARLETON SAVAGE,75.0
B,15,12020009022045,304202000900512,CARLOS RODGERS,84.4
B,16,12020009029051,304202000900953,CARLTON IBARRA,12.5
B,17,12020009028006,304202000900835,CARRIE HO,18.8
B,18,12020009023116,304202000900813,CARROLL POWERS,66.7
B,19,12020009001153,304202000900153,DANA VILLANUEVA,39.6
B,20,12020009022273,304202000901024,DANIAL RICH,85.4
B,21,12020009022091,304202000900558,DANIEL HARRIS,86.5
B,22,12020009001245,304202000900245,DUKE ROSAS,14.6
B,23,12020009001061,304202000900062,ED DIAZ,31.3
B,24,12020009022050,304202000900517,EDD MATTHEWS,58.3
B,25,12020009023001,304202000900698,EDDIE RUSSELL,50.0
B,26,12020009022286,304202000901051,EDGAR STEWART,77.1
B,27,12020009023023,304202000900720,EDMOND FRANKLIN,19.8
B,28,12020009029026,304202000900928,EDMUND DANIELS,74.0
B,29,12020009023105,304202000900802,FAYETTE BRENNAN,81.3
B,30,12020009001326,304202000900973,FELIPE MCDOWELL,52.1
B,31,12020009022126,304202000900593,FREDERIC BENSON,91.7
B,32,12020009028074,304202000901054,GARLAND BRYAN,81.3
B,33,12020009022189,304202000900656,GARRETT SUAREZ,74.0
B,34,12020009023015,304202000900712,GARRY VALENTINE,78.1
B,35,12020009023107,304202000900804,HANS CABRERA,65.6
B,36,12020009022026,304202000900493,HARDIN ORR,25.0
B,37,12020009001101,304202000900102,HARDY DANIEL,84.4
B,38,12020009022104,304202000900571,HARLAN SAWYER,80.2
B,39,12020009022105,304202000900572,HARLEY WARREN,89.6
B,40,12020009001178,304202000900178,IRA ROGERS,62.5
B,41,12020009001269,304202000900269,IRVIN PORTER,70.8
B,42,12020009001144,304202000900144,JARRETT HARDING,59.4
B,43,12020009027011,304202000901035,JASON ROBLES,21.9
B,44,12020009001313,304202000900312,JASPER MARSHALL,67.7
B,45,12020009028035,304202000900864,JAY HAYES,41.7
B,46,12020009023097,304202000900794,JEAN BROCK,67.7
B,47,12020009022046,304202000900513,KENNETH SCHULTZ,55.2
B,48,12020009001120,304202000900120,LAURENCE JENNINGS,36.5
B,49,12020009028014,304202000900843,LAWRENCE COOK,50.0
B,50,12020009022038,304202000900505,LAWSON SOLIS,66.7
B,51,12020009001060,304202000900061,LEANDER GILL,86.5
B,52,12020009029025,304202000900927,LEE NELSON,84.4
B,53,12020009029023,304202000900925,MALACHI COMBS,13.5
B,54,12020009001151,304202000900151,MALCOLM OCONNOR,78.1
B,55,12020009022157,304202000900624,MANFORD ZAVALA,75.0
B,56,12020009001130,304202000900130,MANLEY WILKERSON,86.5
B,57,12020009028019,304202000900848,MANUEL WAGNER,68.8
B,58,12020009022115,304202000900582,MARCELLUS SUMMERS,76.0
B,59,12020009022019,304202000900486,NATHAN ROMERO,35.4
B,60,12020009001211,304202000900211,NATHANIEL PETERS,71.9
B,61,12020009001090,304202000900091,OLAF HOUSTON,82.3
B,62,12020009029034,304202000900936,OLE NAVARRO,80.2
B,63,12020009022129,304202000900596,OLEN MATA,84.4
B,64,12020009028047,304202000900876,PARKER PARSONS,71.9
B,65,12020009001018,304202000900019,PARLEY BOYER,88.5
B,66,12020009022174,304202000900641,PAT MERCADO,76.0
B,67,12020009001052,304202000900053,RANDALL MCCLURE,50.0
B,68,12020009022012,304202000900479,RANDOLPH VELASQUEZ,62.5
B,69,12020009022242,304202000900993,RAOUL MCCALL,88.5
B,70,12020009022062,304202000900529,RAY PATEL,86.5
B,71,12020009022138,304202000900605,SANFORD SCHNEIDER,52.1
B,72,12020009022135,304202000900602,SANTIAGO BAUTISTA,86.5
B,73,12020009022254,304202000901005,SAUL SAUNDERS,10.4
B,74,12020009005005,304202000900418,SCOTT SANTOS,88.5
C,1,12020009028024,304202000900853,ADRIAN CUMMINGS,70.8
C,2,12020009029043,304202000900945,AL KRAMER,81.3
C,3,12020009001089,304202000900090,ALBERT THOMAS,39.6
C,4,12020009022034,304202000900501,ALBIN NIELSEN,13.5
C,5,12020009022179,304202000900646,ALBION GILLESPIE,40.6
C,6,12020009029029,304202000900931,ALCIDE GUEVARA,87.5
C,7,12020009022180,304202000900647,ALDEN VINCENT,78.1
C,8,12020009027012,304202000901036,AUTHUR POOLE,87.5
C,9,12020009023026,304202000900723,BEDFORD CORTES,64.6
C,10,12020009022081,304202000900548,BEN EDWARDS,86.5
C,11,12020009001281,304202000900281,BENITO SHANNON,43.8
C,12,12020009022274,304202000901025,BUFORD NICHOLSON,88.5
C,13,12020009022002,304202000900469,CARSON VILLA,84.4
C,14,12020009001100,304202000900101,CARY SERRANO,55.2
C,15,12020009001196,304202000900196,CASPER CANNON,88.5
C,16,12020009022143,304202000900610,CASSIUS FITZGERALD,84.4
C,17,12020009001212,304202000900212,CATO SPEARS,82.3
C,18,12020009022291,304202000901066,CECIL SANTIAGO,74.0
C,19,12020009022087,304202000900554,DARIUS DAVENPORT,81.3
C,20,12020009022090,304202000900557,DAVE JENKINS,82.3
C,21,12020009001201,304202000900201,DAVID MOORE,91.7
C,22,12020009001005,304202000900006,DUNCAN ZAMORA,87.5
C,23,12020009001272,304202000900272,EDSON PENNINGTON,93.8
C,24,12020009029059,304202000900961,EDWARD HERNANDEZ,85.4
C,25,12020009001076,304202000900077,EDWIN CRUZ,81.3
C,26,12020009028069,304202000900898,EGBERT SHERMAN,86.5
C,27,12020009023021,304202000900718,ELAM MICHAEL,77.1
C,28,12020009001134,304202000900134,ELBERT MASON,81.3
C,29,12020009022022,304202000900489,FELIX VARGAS,36.5
C,30,12020009023124,304202000901033,FERD MAYS,13.5
C,31,12020009022152,304202000900619,FREDERICK ALLEN,88.5
C,32,12020009001285,304202000900285,GARY RAYMOND,83.3
C,33,12020009001040,304202000900041,GENE KERR,70.8
C,34,12020009029066,304202000900968,GENERAL WALSH,61.5
C,35,12020009022214,304202000900681,HARMAN DAVILA,18.8
C,36,12020009028028,304202000900857,HARMON HOLT,83.3
C,37,12020009028046,304202000900875,HAROLD JORDAN,78.1
C,38,12020009001312,304202000900311,HARRIE BENTLEY,81.3
C,39,12020009022239,304202000900990,HARRIS LIU,76.0
C,40,12020009023032,304202000900729,IRVING VAZQUEZ,76.0
C,41,12020009022010,304202000900477,IRWIN HAYNES,27.1
C,42,12020009023076,304202000900773,JEFF FERGUSON,53.1
C,43,12020009022195,304202000900662,JEFFERSON CARR,87.5
C,44,12020009001323,304202000900322,JENNIE CONWAY,89.6
C,45,12020009022272,304202000901023,JEREMIAH MCCOY,66.7
C,46,12020009023090,304202000900787,JEROME CONTRERAS,77.1
C,47,12020009022072,304202000900539,KING BYRD,13.5
C,48,12020009001252,304202000900252,LELAND BONILLA,89.6
C,49,12020009001225,304202000900225,LEM VILLARREAL,33.3
C,50,12020009022219,304202000900686,LEMUEL BRADLEY,46.9
C,51,12020009001135,304202000900135,LEN MCKEE,84.4
C,52,12020009022008,304202000900475,LENARD VILLEGAS,52.1
C,53,12020009001277,304202000900277,MARCUS NUNEZ,93.8
C,54,12020009001268,304202000900268,MARION RICHARDSON,68.8
C,55,12020009029050,304202000900952,MARK HUNTER,87.5
C,56,12020009001169,304202000900169,MARQUIS AHMED,89.6
C,57,12020009022114,304202000900581,MARSHAL BEARD,77.1
C,58,12020009001255,304202000900255,MARSHALL MUNOZ,12.5
C,59,12020009001093,304202000900094,NEAL JACOBS,83.3
C,60,12020009023091,304202000900788,NED PARK,83.3
C,61,12020009028045,304202000900874,OLIN CARSON,67.7
C,62,12020009022203,304202000900670,OLIVER MORGAN,81.3
C,63,12020009001324,304202000900323,OLLIE PAYNE,89.6
C,64,12020009028025,304202000900854,PATRICK GUTIERREZ,85.4
C,65,12020009028061,304202000900890,PAUL REYES,80.2
C,66,12020009022207,304202000900674,PEARL DUNN,83.3
C,67,12020009001292,304202000900292,RAYMOND GRAY,20.8
C,68,12020009001012,304202000900013,REGINALD HARRINGTON,71.9
C,69,12020009023115,304202000900812,REUBEN HENRY,81.3
C,70,12020009022030,304202000900497,REX MOODY,77.1
C,71,12020009022120,304202000900587,SETH WALTERS,85.4
C,72,12020009023022,304202000900719,SEYMOUR OSBORNE,30.2
C,73,12020009002029,304202000900352,SHADE VANCE,85.4
C,74,12020009006002,304202000900434,TAYLOR GARRETT,55.2
D,1,12020009001335,304202000901057,ALEC PETERSEN,69.8
D,2,12020009023039,304202000900736,ALEX ALVAREZ,71.9
D,3,12020009022290,304202000901065,ALEXANDER REED,67.7
D,4,12020009022177,304202000900644,ALF STAFFORD,83.3
D,5,12020009001289,304202000900289,ALFORD HAMPTON,85.4
D,6,12020009001234,304202000900234,ALFRED WRIGHT,19.8
D,7,12020009001179,304202000900179,ALGIE ENGLISH,78.1
D,8,12020009029010,304202000900912,AVERY HODGE,85.4
D,9,12020009001336,304202000901058,BENJAMAN SPARKS,84.4
D,10,12020009022231,304202000900691,BENJAMIN YOUNG,9.4
D,11,12020009002096,304202000901042,BENJAMINE FLOYD,71.9
D,12,12020009001204,304202000900204,BURL GALLEGOS,84.4
D,13,12020009001287,304202000900287,CHANCY MOON,79.2
D,14,12020009022221,304202000900688,CHARLES BROWN,71.9
D,15,12020009023104,304202000900801,CHARLEY COLLINS,54.2
D,16,12020009001013,304202000900014,CHARLIE LEE,67.7
D,17,12020009022245,304202000900996,CHAS BERRY,81.3
D,18,12020009001015,304202000900016,CHAUNCEY BANKS,77.1
D,19,12020009001301,304202000900301,DAVIE RANDOLPH,41.7
D,20,12020009023050,304202000900747,DAVIS ROSALES,87.5
D,21,12020009022183,304202000900650,DAYTON BOOTH,69.8
D,22,12020009022069,304202000900536,DWIGHT PRATT,14.6
D,23,12020009001022,304202000900023,ELDER GOLDEN,69.8
D,24,12020009022277,304202000901028,ELDRIDGE BALL,67.7
D,25,12020009022096,304202000900563,ELI ROSE,89.6
D,26,12020009022073,304202000900540,ELIAS NICHOLS,65.6
D,27,12020009001257,304202000900257,ELIGAH JACOBSON,74.0
D,28,12020009001208,304202000900208,ELIGE GATES,88.5
D,29,12020009001006,304202000900007,FERDINAND DAY,86.5
D,30,12020009023073,304202000900770,FERNANDO MARKS,80.2
D,31,12020009001249,304202000900249,FREDRICK COLE,56.3
D,32,12020009028060,304202000900889,GEO BRADY,77.1
D,33,12020009023127,304202000901053,GEORGE JONES,60.4
D,34,12020009001162,304202000900162,GERALD MEYERS,64.6
D,35,12020009001029,304202000900030,HARRISON STEPHENS,85.4
D,36,12020009029027,304202000900929,HARRY LOPEZ,83.3
D,37,12020009001053,304202000900054,HARVE CHRISTENSEN,75.0
D,38,12020009022216,304202000900683,HARVEY GOMEZ,76.0
D,39,12020009001278,304202000900278,HATTIE FELIX,67.7
D,40,12020009022059,304202000900526,ISAAC MORRIS,71.9
D,41,12020009022027,304202000900494,ISADORE YU,9.4
D,42,12020009022109,304202000900576,JERRY FOSTER,85.4
D,43,12020009022162,304202000900629,JESS BRYANT,88.5
D,44,12020009001049,304202000900050,JESSE RAMIREZ,88.5
D,45,12020009022263,304202000901014,JESSEE MCCONNELL,50.0
D,46,12020009022269,304202000901020,JESSIE HUGHES,10.4
D,47,12020009001082,304202000900083,KIRK AYERS,21.9
D,48,12020009002010,304202000900333,LEO CASTILLO,70.8
D,49,12020009023059,304202000900756,LEON SIMMONS,86.5
D,50,12020009001216,304202000900216,LEONARD COX,67.7
D,51,12020009022258,304202000901009,LEOPOLD HOBBS,80.2
D,52,12020009022198,304202000900665,LEROY BUTLER,69.8
D,53,12020009001023,304202000900024,MART MCCLAIN,86.5
D,54,12020009022266,304202000901017,MARTIN HALL,46.9
D,55,12020009029012,304202000900914,MARVIN RICE,83.3
D,56,12020009001181,304202000900181,MARY CRAIG,80.2
D,57,12020009023042,304202000900739,MASON GRAVES,81.3
D,58,12020009001098,304202000900099,MAT FISCHER,60.4
D,59,12020009029014,304202000900916,NEIL WATTS,62.5
D,60,12020009001019,304202000900020,NELS PINEDA,87.5
D,61,12020009001025,304202000900026,OMAR PERSON,88.5
D,62,12020009001168,304202000900168,OMER FIGUEROA,82.3
D,63,12020009023099,304202000900796,ORA GARDNER,79.2
D,64,12020009001243,304202000900243,PEDRO MAY,70.8
D,65,12020009029060,304202000900962,PERCIVAL CUEVAS,82.3
D,66,12020009001159,304202000900159,PERCY WOODS,10.4
D,67,12020009001210,304202000900210,RICE ARROYO,65.6
D,68,12020009022136,304202000900603,RICH BEASLEY,45.8
D,69,12020009001073,304202000900074,RICHARD THOMPSON,77.1
D,70,12020009022209,304202000900676,RICHMOND STEPHENSON,70.8
D,71,12020009022246,304202000900997,SHELBY BARRY,74.0
D,72,12020009001047,304202000900048,SHELTON BROWNING,86.5
D,73,12020009002009,304202000900332,SHERMAN ALVARADO,25.0
E,1,12020009022037,304202000900504,ALLAN LARA,92.6
E,2,12020009022150,304202000900617,ALLEN BROOKS,61.1
E,3,12020009022222,304202000900689,ALLIE FOWLER,88.4
E,4,12020009001176,304202000900176,ALLISON BUCK,94.7
E,5,12020009029039,304202000900941,ALMA TOWNSEND,82.1
E,6,12020009022074,304202000900541,ALMON ZUNIGA,91.6
E,7,12020009022276,304202000901027,ALOIS CAREY,89.5
E,8,12020009022079,304202000900546,AXEL GARNER,94.7
E,9,12020009027010,304202000900829,BENJIMAN STANLEY,88.4
E,10,12020009023029,304202000900726,BENNETT MALONE,80.0
E,11,12020009001253,304202000900253,BENNIE FRAZIER,95.8
E,12,12020009028050,304202000900879,BURLEY MURILLO,80.0
E,13,12020009023054,304202000900751,CHESTER JAMES,89.5
E,14,12020009023002,304202000900699,CHRIS CHAPMAN,78.9
E,15,12020009023064,304202000900761,CHRIST TATE,87.4
E,16,12020009022084,304202000900551,CHRISTIAN AUSTIN,87.4
E,17,12020009023011,304202000900708,CHRISTOPHER HARRISON,15.8
E,18,12020009022261,304202000901012,CICERO CLARKE,74.7
E,19,12020009001009,304202000900010,DEAN BARTON,81.1
E,20,12020009028003,304202000900832,DEE MCCARTHY,73.7
E,21,12020009029048,304202000900950,DELBERT MORRISON,50.5
E,22,12020009001033,304202000900034,ELIHU CONRAD,91.6
E,23,12020009028071,304202000900900,ELIJAH STEVENS,80.0
E,24,12020009022184,304202000900651,ELISHA PADILLA,89.5
E,25,12020009022149,304202000900616,ELIZA GILES,26.3
E,26,12020009022141,304202000900608,ELIZABETH CHASE,86.3
E,27,12020009001141,304202000900141,ELLIOT LESTER,64.2
E,28,12020009022282,304202000901047,FINIS FARRELL,64.2
E,29,12020009023019,304202000900716,FINLEY MORA,43.2
E,30,12020009022236,304202000900696,FREEMAN NEAL,75.8
E,31,12020009001219,304202000900219,GIDEON HOOD,76.8
E,32,12020009022100,304202000900567,GILBERT AGUILAR,33.7
E,33,12020009022265,304202000901016,GILES DENNIS,91.6
E,34,12020009028021,304202000900850,HAYES CLAY,86.3
E,35,12020009028029,304202000900858,HAYWOOD MONROE,60.0
E,36,12020009022190,304202000900657,HECTOR GUERRA,87.4
E,37,12020009022003,304202000900470,HENCE PECK,53.7
E,38,12020009001297,304202000900297,HUSTON KAUR,55.8
E,39,12020009001148,304202000900148,ISAIAH GILBERT,42.1
E,40,12020009001039,304202000900040,ISHAM BOWERS,80.0
E,41,12020009001222,304202000900222,JESUS FRANCIS,66.3
E,42,12020009001117,304202000900117,JIM CARTER,40.0
E,43,12020009029041,304202000900943,JIMMIE MORAN,78.9
E,44,12020009028052,304202000900881,JOE MARTIN,86.3
E,45,12020009001188,304202000900188,LESLIE DIXON,81.1
E,46,12020009001071,304202000900072,LESTER REYNOLDS,62.1
E,47,12020009022110,304202000900577,LEVI ALEXANDER,77.9
E,48,12020009029033,304202000900935,LEVY EVERETT,49.5
E,49,12020009001317,304202000900316,LEW ERICKSON,93.7
E,50,12020009001254,304202000900254,MATH MCINTYRE,78.9
E,51,12020009001199,304202000900199,MATHEW HANSEN,90.5
E,52,12020009001165,304202000900165,MATHIAS DRAKE,27.4
E,53,12020009022199,304202000900666,MATT OLIVER,89.5
E,54,12020009022111,304202000900578,MATTHEW PATTERSON,87.4
E,55,12020009022200,304202000900667,NELSON CASTRO,91.6
E,56,12020009001240,304202000900240,NEWT MATHIS,84.2
E,57,12020009001097,304202000900098,ORAL ROSARIO,89.5
E,58,12020009022220,304202000900687,ORAN COLON,86.3
E,59,12020009001160,304202000900160,OREN BAUER,88.4
E,60,12020009028053,304202000900882,PERLEY CROSS,88.4
E,61,12020009001306,304202000900306,PERRY POWELL,83.2
E,62,12020009022028,304202000900495,PETE GEORGE,71.6
E,63,12020009023078,304202000900775,RILEY JENSEN,82.1
E,64,12020009001113,304202000900113,ROBERT MARTINEZ,21.1
E,65,12020009001112,304202000900112,RODERICK ODONNELL,71.6
E,66,12020009029031,304202000900933,SHIRLEY GALVAN,80.0
E,67,12020009023008,304202000900705,SID STOUT,85.3
E,68,12020009001079,304202000900080,SIDNEY MYERS,89.5
E,69,12020009023098,304202000900795,TED MCGUIRE,32.6
E,70,12020009001133,304202000900133,TERRY BOONE,84.2
E,71,12020009002089,304202000900411,THADDEUS LAMB,73.7
E,72,12020009022151,304202000900618,THEO KANE,84.2
E,73,12020009005012,304202000900425,ULYSSES KELLER,88.4
F,1,12020009022175,304202000900642,ALONZA WILCOX,58.9
F,2,12020009023070,304202000900767,ALONZO BARNES,86.3
F,3,12020009023126,304202000901052,ALOYSIUS MCBRIDE,8.4
F,4,12020009029013,304202000900915,ALPHA MIDDLETON,85.3
F,5,12020009022232,304202000900692,ALPHEUS SELLERS,80.0
F,6,12020009028022,304202000900851,ALPHONSE FLETCHER,91.6
F,7,12020009022144,304202000900611,ALTON INGRAM,77.9
F,8,12020009001085,304202000900086,BENTON ROBERSON,66.3
F,9,12020009001084,304202000900085,BERNARD LONG,93.7
F,10,12020009001048,304202000900049,BERNHARD WIGGINS,53.7
F,11,12020009029044,304202000900946,BURR HOLLOWAY,93.7
F,12,12020009022235,304202000900695,CLAIR HOGAN,40.0
F,13,12020009027003,304202000900822,CLARA BELTRAN,91.6
F,14,12020009028049,304202000900878,CLARANCE PITTS,93.7
F,15,12020009001332,304202000901040,CLARE PARRISH,42.1
F,16,12020009029058,304202000900960,CLARENCE PEREZ,82.1
F,17,12020009023046,304202000900743,CLARK RIOS,76.8
F,18,12020009022011,304202000900478,DELL MACK,85.3
F,19,12020009022088,304202000900555,DELMAR SCHAEFER,66.3
F,20,12020009023003,304202000900700,DELOS ROACH,86.3
F,21,12020009022161,304202000900628,ELLIOTT WARNER,91.6
F,22,12020009022287,304202000901062,ELLIS ELLIOTT,44.2
F,23,12020009001088,304202000900089,ELLSWORTH SHORT,78.9
F,24,12020009023103,304202000900800,ELMER GREEN,56.8
F,25,12020009001114,304202000900114,ELMO HUBBARD,91.6
F,26,12020009022186,304202000900653,ELMORE SOSA,66.3
F,27,12020009028055,304202000900884,FLEM CANTU,58.9
F,28,12020009029011,304202000900913,FLETCHER SCHWARTZ,88.4
F,29,12020009023113,304202000900810,FRIEND MAHONEY,44.2
F,30,12020009023040,304202000900737,GLEN COHEN,60.0
F,31,12020009023121,304202000900817,GLENN DOMINGUEZ,56.8
F,32,12020009001124,304202000900124,GODFREY DALTON,67.4
F,33,12020009001096,304202000900097,HENDERSON BALLARD,93.7
F,34,12020009001102,304202000900103,HENERY TANNER,97.9
F,35,12020009001083,304202000900084,HENRY RODRIGUEZ,94.7
F,36,12020009022155,304202000900622,HERBERT NGUYEN,91.6
F,37,12020009023005,304202000900702,HYMAN RUSH,28.4
F,38,12020009023069,304202000900766,ISHMAEL HURLEY,85.3
F,39,12020009001131,304202000900131,ISIAH LOVE,41.1
F,40,12020009001157,304202000900157,JOEL MONTGOMERY,45.3
F,41,12020009022024,304202000900491,JOESEPH BERNAL,80.0
F,42,12020009022279,304202000901030,JOHN SMITH,75.8
F,43,12020009001331,304202000901039,JOHNIE GRIFFITH,85.3
F,44,12020009001050,304202000900051,LEWIS ROBINSON,83.2
F,45,12020009029067,304202000900969,LIGE VALENCIA,92.6
F,46,12020009023033,304202000900730,LINCOLN HUYNH,87.4
F,47,12020009001078,304202000900079,LINDSAY BARR,85.3
F,48,12020009022163,304202000900630,LINDSEY GREER,66.3
F,49,12020009023053,304202000900750,MAURICE KENNEDY,90.5
F,50,12020009023018,304202000900715,MAX WILLIS,85.3
F,51,12020009022154,304202000900621,MAXWELL HENSLEY,94.7
F,52,12020009028068,304202000900897,MAYNARD BARRERA,96.8
F,53,12020009001011,304202000900012,MELVILLE CURRY,78.9
F,54,12020009001045,304202000900046,NEWTON MILLS,84.2
F,55,12020009022201,304202000900668,ORIE SKINNER,64.2
F,56,12020009023061,304202000900758,ORIN CHANG,89.5
F,57,12020009028010,304202000900839,ORLANDO POTTER,91.6
F,58,12020009028007,304202000900836,PETER WALKER,61.1
F,59,12020009001298,304202000900298,PHIL SANTANA,20.0
F,60,12020009029004,304202000900906,PHILIP WATSON,71.6
F,61,12020009022117,304202000900584,RODNEY ESCOBAR,86.3
F,62,12020009022036,304202000900503,ROGER DURAN,84.2
F,63,12020009029055,304202000900957,ROLAND FULLER,89.5
F,64,12020009001038,304202000900039,SILAS OWENS,92.6
F,65,12020009001142,304202000900142,SIM HINES,53.7
F,66,12020009001263,304202000900263,SIMEON BARKER,31.6
F,67,12020009022118,304202000900585,THEODORE COOPER,88.4
F,68,12020009023027,304202000900724,THERON LOWERY,53.7
F,69,12020009001242,304202000900242,THOMAS DAVIS,85.3
F,70,12020009001104,304202000900105,URBAN KIRBY,75.8
F,71,12020009001316,304202000900315,VALENTINE BRIDGES,94.7
F,72,12020009001270,304202000900270,VAN YANG,90.5
F,73,12020009002012,304202000900335,WADE CARROLL,74.7
G,1,12020009001046,304202000900047,ALVA FOX,88.4
G,2,12020009022249,304202000901000,ALVAH CHANDLER,57.9
G,3,12020009022047,304202000900514,ALVIE POPE,83.2
G,4,12020009022153,304202000900620,ALVIN TRAN,89.5
G,5,12020009001110,304202000900110,AMBROSE LITTLE,24.2
G,6,12020009029035,304202000900937,AMOS SULLIVAN,88.4
G,7,12020009001273,304202000900273,ANASTACIO LEBLANC,95.8
G,8,12020009028072,304202000900901,BERRY HOLLAND,89.5
G,9,12020009022164,304202000900631,BERT CAMPBELL,94.7
G,10,12020009022082,304202000900549,BERTIE GRIMES,52.6
G,11,12020009027002,304202000900821,BURT OBRIEN,92.6
G,12,12020009001214,304202000900214,CLARKE WEEKS,35.8
G,13,12020009001156,304202000900156,CLAUD FREEMAN,68.4
G,14,12020009022021,304202000900488,CLAUDE PARKER,78.9
G,15,12020009023122,304202000900818,CLAUS SALGADO,87.4
G,16,12020009001190,304202000900190,CLAY BARBER,23.2
G,17,12020009023066,304202000900763,CLAYTON ARNOLD,86.3
G,18,12020009029056,304202000900958,DEMPSEY FLOWERS,75.8
G,19,12020009029063,304202000900965,DENIS COPELAND,55.8
G,20,12020009001063,304202000900064,DENNIS BELL,90.5
G,21,12020009022092,304202000900559,ELSIE BENJAMIN,83.2
G,22,12020009022094,304202000900561,ELTON KNOX,29.5
G,23,12020009001193,304202000900193,ELVIN HUFF,80.0
G,24,12020009022185,304202000900652,ELWOOD VAUGHN,80.0
G,25,12020009001075,304202000900076,ELZA RHODES,64.2
G,26,12020009022065,304202000900532,ELZIE TYLER,89.5
G,27,12020009029030,304202000900932,FLORENCE HUMPHREY,90.5
G,28,12020009022224,304202000900983,FLOYD HOWARD,31.6
G,29,12020009001293,304202000900293,FRITZ OCHOA,87.4
G,30,12020009001300,304202000900300,GOLDEN LEACH,23.2
G,31,12020009001058,304202000900059,GORDON SANDOVAL,77.9
G,32,12020009022156,304202000900623,GRACE MEDRANO,88.4
G,33,12020009029045,304202000900947,HERMAN MITCHELL,31.6
G,34,12020009022223,304202000900982,HERMANN PHELPS,92.6
G,35,12020009023014,304202000900711,HERSCHEL WEISS,74.7
G,36,12020009022280,304202000901031,HERVEY WHITEHEAD,43.2
G,37,12020009001139,304202000900139,ISOM RAMSEY,83.2
G,38,12020009001328,304202000901037,ISRAEL MANNING,8.4
G,39,12020009001074,304202000900075,JOHNNIE PARKS,89.5
G,40,12020009023108,304202000900805,JOHNNY CERVANTES,75.8
G,41,12020009001128,304202000900128,JOHNSON OROZCO,55.8
G,42,12020009028011,304202000900840,JONAH GILMORE,70.5
G,43,12020009029022,304202000900924,LIONEL KEITH,48.4
G,44,12020009029057,304202000900959,LLEWELLYN ACEVEDO,88.4
G,45,12020009001229,304202000900229,LLOYD MORENO,77.9
G,46,12020009022252,304202000901003,LOGAN COBB,86.3
G,47,12020009027008,304202000900827,LON RYAN,80.0
G,48,12020009001021,304202000900022,MELVIN HERRERA,82.1
G,49,12020009001286,304202000900286,MERLE MCLAUGHLIN,51.6
G,50,12020009022018,304202000900485,MERRILL GIBBS,90.5
G,51,12020009028039,304202000900868,MERRITT CARDENAS,15.8
G,52,12020009028027,304202000900856,MERTON AYALA,90.5
G,53,12020009001333,304202000901055,NICHOLAS STONE,64.2
G,54,12020009029062,304202000900964,ORLEY VANG,71.6
G,55,12020009027009,304202000900828,ORRIN SHIELDS,89.5
G,56,12020009022064,304202000900531,ORSON GAINES,73.7
G,57,12020009022004,304202000900471,PHILLIP BLACK,54.7
G,58,12020009001174,304202000900174,PIERCE DELACRUZ,87.4
G,59,12020009029017,304202000900919,PIERRE CONNER,64.2
G,60,12020009022202,304202000900669,ROLLA CALDERON,92.6
G,61,12020009001064,304202000900065,ROLLAND CLAYTON,84.2
G,62,12020009028001,304202000900830,ROLLIE TODD,56.8
G,63,12020009028018,304202000900847,SIMON OLSON,7.4
G,64,12020009023088,304202000900785,SMITH FRANCO,86.3
G,65,12020009028012,304202000900841,SOL ALI,57.9
G,66,12020009022147,304202000900614,THORNTON TREVINO,80.0
G,67,12020009023060,304202000900757,THURMAN EATON,80.0
G,68,12020009001095,304202000900096,TILDEN BLACKWELL,90.5
G,69,12020009001230,304202000900230,URIAH WILKINSON,83.2
G,70,12020009001192,304202000900192,VANCE CALHOUN,76.8
G,71,12020009001109,304202000900109,VERN HIGGINS,68.4
G,72,12020009029047,304202000900949,WALDO BRUCE,81.1
G,73,12020009002086,304202000900408,WALKER AVILA,63.2
H,1,12020009005019,304202000900432,ANDERSON CARLSON,88.4
H,2,12020009002082,304202000900404,ANDRE ESPARZA,94.7
H,3,12020009022077,304202000900544,ANDRES WISE,36.8
H,4,12020009001325,304202000900972,ANDREW WHITE,85.3
H,5,12020009022121,304202000900588,ANDY KNIGHT,71.6
H,6,12019009001007,304201900900006,ANGUS RIVAS,92.6
H,7,12020009023084,304202000900781,ANNA LINDSEY,91.6
H,8,12020009022080,304202000900547,BERTON ARELLANO,85.3
H,9,12020009029049,304202000900951,BERTRAM SHARP,82.1
H,10,12020009001207,304202000900207,BERTRAND ROTH,28.4
H,11,12020009028062,304202000900891,BURTON WEBER,43.2
H,12,12020009023052,304202000900749,CLEM LEON,68.4
H,13,12020009022142,304202000900609,CLEMENT REESE,92.6
H,14,12020009022035,304202000900502,CLEMENTE CORONA,75.8
H,15,12020009023071,304202000900768,CLEVELAND LOZANO,88.4
H,16,12020009022240,304202000900991,CLIFF STRONG,10.5
H,17,12020009027004,304202000900823,CLIFFORD COLEMAN,77.9
H,18,12020009001024,304202000900025,DEWITT JUAREZ,72.6
H,19,12020009027005,304202000900824,DEXTER WALLS,76.8
H,20,12020009028026,304202000900855,DICK SUTTON,86.3
H,21,12020009022093,304202000900560,EMANUEL CUNNINGHAM,84.2
H,22,12020009002072,304202000900395,EMERSON SHELTON,58.9
H,23,12020009001202,304202000900202,EMERY PENA,83.2
H,24,12020009028056,304202000900885,EMIL VASQUEZ,72.6
H,25,12020009022060,304202000900527,EMILE STOKES,90.5
H,26,12020009023013,304202000900710,EMMA ROCHA,25.3
H,27,12020009028036,304202000900865,FORD BAXTER,81.1
H,28,12020009001150,304202000900150,FOREST PEARSON,77.9
H,29,12020009022187,304202000900654,GRANT RICHARDS,23.2
H,30,12020009022099,304202000900566,GRANVILLE MIRANDA,46.3
H,31,12020009028048,304202000900877,GREEN ESPINOZA,88.4
H,32,12020009022188,304202000900655,HEZEKIAH UNDERWOOD,69.5
H,33,12020009001044,304202000900045,HILLARD LUCERO,90.5
H,34,12020009001163,304202000900163,HILLIARD ANTHONY,78.9
H,35,12020009022014,304202000900481,HIRAM BURNS,72.6
H,36,12020009022103,304202000900570,ISREAL DICKERSON,81.1
H,37,12020009022192,304202000900659,JONAS CAMPOS,90.5
H,38,12020009022264,304202000901015,JONATHAN PAUL,89.5
H,39,12020009001264,304202000900264,JONES HEATH,89.5
H,40,12020009023093,304202000900790,JORDAN DELEON,87.4
H,41,12020009022194,304202000900661,LONIE DAVID,18.9
H,42,12020009023085,304202000900782,LONNIE PERKINS,87.4
H,43,12020009022029,304202000900496,LONZO RANDALL,76.8
H,44,12020009029064,304202000900966,LOREN LYONS,91.6
H,45,12020009023016,304202000900713,LORENZO WATKINS,87.4
H,46,12020009029052,304202000900954,MERVIN VENTURA,91.6
H,47,12020009001314,304202000900313,MICHAEL RIVERA,56.8
H,48,12020009028044,304202000900873,MICHEAL REEVES,77.9
H,49,12020009001221,304202000900221,MICHEL AVERY,92.6
H,50,12020009023119,304202000900816,MIGUEL CAIN,93.7
H,51,12020009022241,304202000900992,NICK DEAN,89.5
H,52,12020009029028,304202000900930,ORVAL BUSH,92.6
H,53,12020009001191,304202000900191,ORVILLE ORTEGA,73.7
H,54,12020009023006,304202000900703,OSBORNE PALACIOS,14.7
H,55,12020009022238,304202000900989,PINK CORTEZ,94.7
H,56,12020009022042,304202000900509,PINKNEY RICHARD,61.1
H,57,12020009022009,304202000900476,ROLLIN WU,86.3
H,58,12020009023030,304202000900727,ROMEO SNOW,74.7
H,59,12020009001291,304202000900291,ROSCOE WEBB,30.5
H,60,12020009023035,304202000900732,SOLOMON KELLEY,35.8
H,61,12020009028005,304202000900834,SOLON JOHNS,58.9
H,62,12020009022054,304202000900521,SPENCER WANG,86.3
H,63,12020009028008,304202000900837,TILLMAN HANCOCK,86.3
H,64,12020009022007,304202000900474,TIM MCKENZIE,78.9
H,65,12020009022040,304202000900507,TIMOTHY MEYER,40.0
H,66,12020009022013,304202000900480,VERNE DECKER,55.8
H,67,12020009001166,304202000900166,VERNON HUDSON,83.2
H,68,12020009001319,304202000900318,WALLACE CHEN,87.4
H,69,12020009001265,304202000900265,WALTER GONZALEZ,10.5
H,70,12020009001077,304202000900078,WALTON CHUNG,93.7
H,71,12020009023092,304202000900789,WARD JOSEPH,90.5
H,72,12020009023111,304202000900808,WARNER ATKINSON,86.3
H,73,12020009002088,304202000900410,WARREN RUIZ,50.5
I,1,12020009023100,304202000900797,ANNIE HARDIN,33.7
I,2,12020009022176,304202000900643,ANSON MELENDEZ,62.0
I,3,12020009001246,304202000900246,ANTHONY PERRY,10.9
I,4,12020009023045,304202000900742,ANTON HOLMES,64.1
I,5,12020009023081,304202000900778,ANTONIO LOWE,71.7
I,6,12020009001170,304202000900170,ARCH SPENCER,71.7
I,7,12020009001042,304202000900043,ARCHER YORK,75.0
I,8,12020009001145,304202000900145,BEVERLY FLYNN,79.3
I,9,12020009001267,304202000900267,BILL DELGADO,81.5
I,10,12020009028016,304202000900845,BILLIE LARSEN,48.9
I,11,12020009028002,304202000900831,BUSTER MELTON,75.0
I,12,12020009023101,304202000900798,CLIFTON LI,48.9
I,13,12020009001008,304202000900009,CLINT BECK,23.9
I,14,12020009029042,304202000900944,CLINTON SNYDER,69.6
I,15,12020009001309,304202000900309,CLOVIS KLINE,43.5
I,16,12020009022260,304202000901011,CLOYD MARSH,82.6
I,17,12020009001057,304202000900058,CLYDE BAILEY,72.8
I,18,12020009001186,304202000900186,DILLARD MASSEY,69.6
I,19,12020009023049,304202000900746,DOC ALLISON,69.6
I,20,12020009001279,304202000900279,DOCK HARPER,70.7
I,21,12020009001158,304202000900158,EMMET ROJAS,63.0
I,22,12020009029005,304202000900907,EMMETT BOYD,78.3
I,23,12020009001068,304202000900069,EMMITT BULLOCK,81.5
I,24,12020009001310,304202000900310,EMORY WILLIAMSON,76.1
I,25,12020009022122,304202000900589,ENOCH PIERCE,51.1
I,26,12020009028009,304202000900838,ENOS MAXWELL,75.0
I,27,12020009022097,304202000900564,FORREST BURTON,14.1
I,28,12020009001043,304202000900044,FOSTER TRUJILLO,67.4
I,29,12020009001195,304202000900195,GROVER ROBBINS,71.7
I,30,12020009022017,304202000900484,GUS FORD,38.0
I,31,12020009023009,304202000900706,HOLLIE BOYLE,62.0
I,32,12020009001330,304202000901038,HOLLIS PRUITT,63.0
I,33,12020009001070,304202000900071,HOLMES HANNA,72.8
I,34,12020009023057,304202000900754,HOMER RAMOS,80.4
I,35,12020009001062,304202000900063,ISSAC ROMAN,77.2
I,36,12020009029046,304202000900948,JOSE GORDON,72.8
I,37,12020009001288,304202000900288,JOSEPH MILLER,63.0
I,38,12020009022130,304202000900597,JOSH MEJIA,70.7
I,39,12020009023075,304202000900772,JOSHUA DUNCAN,75.0
I,40,12020009022106,304202000900573,LOU LOGAN,78.3
I,41,12020009001136,304202000900136,LOUIE MARQUEZ,78.3
I,42,12020009022070,304202000900537,LOUIS JACKSON,72.8
I,43,12020009001140,304202000900140,LOYD CAMACHO,77.2
I,44,12020009023055,304202000900752,MIKE MCDONALD,50.0
I,45,12020009022001,304202000900468,MILES RILEY,70.7
I,46,12020009001027,304202000900028,MILFORD PUGH,81.5
I,47,12020009001017,304202000900018,MILLARD ARMSTRONG,73.9
I,48,12020009023114,304202000900811,MILLER BLANKENSHIP,8.7
I,49,12020009022140,304202000900607,NOAH GIBSON,80.4
I,50,12020009001183,304202000900183,OSCAR LEWIS,76.1
I,51,12020009001294,304202000900294,OSSIE RUBIO,75.0
I,52,12020009001069,304202000900070,PLEAS BARTLETT,81.5
I,53,12020009023025,304202000900722,PLEASANT MCGEE,64.1
I,54,12020009022165,304202000900632,ROSE STEIN,72.8
I,55,12020009022113,304202000900580,ROSS SCHMIDT,41.3
I,56,12020009001172,304202000900172,ROY TORRES,78.3
I,57,12020009023038,304202000900735,SQUIRE ROWE,45.7
I,58,12020009029015,304202000900917,STANLEY SOTO,79.3
I,59,12020009001126,304202000900126,STEPHEN WOOD,55.4
I,60,12020009001037,304202000900038,TOBE GALLAGHER,52.2
I,61,12020009022227,304202000900986,TOBIAS SLOAN,89.1
I,62,12020009022225,304202000900984,TOM FLORES,79.3
I,63,12020009022205,304202000900672,VICTOR MURRAY,80.4
I,64,12020009001152,304202000900152,VINCENT HARVEY,60.9
I,65,12020009028066,304202000900895,WASH ZIMMERMAN,76.1
I,66,12020009001337,304202000901059,WASHINGTON STEELE,42.4
I,67,12020009001116,304202000900116,WATSON OLSEN,79.3
I,68,12020009001171,304202000900171,WATT GENTRY,70.7
I,69,12020009022066,304202000900533,WAYNE TERRY,78.3
I,70,12020009001290,304202000900290,WEAVER HULL,85.9
I,71,12020009022211,304202000900678,WEBB COCHRAN,73.9
I,72,12020009001137,304202000900137,WEBSTER LLOYD,8.7
I,73,12020009002041,304202000900364,WELLINGTON MORTON,75.0
J,1,12020009001232,304202000900232,ARCHIBALD CHAMBERS,68.5
J,2,12020009022076,304202000900543,ARCHIE CHAVEZ,54.3
J,3,12020009022288,304202000901063,ARLIE HURST,76.1
J,4,12020009022178,304202000900645,ARLINGTON BRADSHAW,26.1
J,5,12020009028015,304202000900844,ARMAND MCINTOSH,67.4
J,6,12020009023010,304202000900707,ARNOLD HANSON,56.5
J,7,12020009001111,304202000900111,ARON DILLON,58.7
J,8,12020009001182,304202000900182,BILLY KEMP,65.2
J,9,12020009027001,304202000900820,BIRD NOLAN,77.2
J,10,12020009022257,304202000901008,BIRT MCCULLOUGH,80.4
J,11,12020009001031,304202000900032,BUTLER ONEILL,78.3
J,12,12020009001271,304202000900271,COLEMAN MACIAS,77.2
J,13,12020009001236,304202000900236,COLIN FREDERICK,8.7
J,14,12020009022128,304202000900595,COLONEL RANGEL,71.7
J,15,12020009001184,304202000900184,COLUMBUS WEAVER,82.6
J,16,12020009028073,304202000900902,COMMODORE BUCKLEY,66.3
J,17,12020009022085,304202000900552,CONNIE CORDOVA,67.4
J,18,12020009022255,304202000901006,DOCTOR LAM,64.1
J,19,12020009022127,304202000900594,DOLPHUS KOCH,37.0
J,20,12020009001302,304202000900302,DON WELCH,77.2
J,21,12020009001035,304202000900036,EPHRAIM BOWEN,80.4
J,22,12020009001266,304202000900266,EPHRIAM WARE,77.2
J,23,12020009022015,304202000900482,ERASTUS FUENTES,73.9
J,24,12020009001016,304202000900017,ERIC CAMERON,77.2
J,25,12020009022168,304202000900635,ERIE CROSBY,80.4
J,26,12020009001072,304202000900073,ERNEST SANCHEZ,79.3
J,27,12020009029037,304202000900939,FRANCES ADKINS,66.3
J,28,12020009022098,304202000900565,FRANCIS ROBERTS,78.3
J,29,12020009023106,304202000900803,GUSS HORN,37.0
J,30,12020009001123,304202000900123,GUST BECKER,58.7
J,31,12020009023074,304202000900771,HOPE PACE,77.2
J,32,12020009001220,304202000900220,HORACE WARD,42.4
J,33,12020009022101,304202000900568,HORATIO WOLF,76.1
J,34,12020009001051,304202000900052,HOSEA PITTMAN,69.6
J,35,12020009022102,304202000900569,IVAN HOPKINS,46.7
J,36,12020009022023,304202000900490,JOSIAH LEONARD,34.8
J,37,12020009001250,304202000900250,JUAN HOWELL,76.1
J,38,12020009001180,304202000900180,JUDGE NORRIS,79.3
J,39,12020009022056,304202000900523,JUDSON DAVIDSON,14.1
J,40,12020009022107,304202000900574,LUCIAN BLAIR,78.3
J,41,12020009001138,304202000900138,LUCIEN SIMON,75.0
J,42,12020009001307,304202000900307,LUCIOUS SINGLETON,42.4
J,43,12020009001209,304202000900209,LUCIUS WONG,73.9
J,44,12020009002064,304202000900387,MILO GREGORY,34.8
J,45,12020009023044,304202000900741,MILTON PRICE,53.3
J,46,12020009023077,304202000900774,MINNIE GLENN,58.7
J,47,12020009001227,304202000900227,MINOR MANN,75.0
J,48,12020009023094,304202000900791,MITCHELL LUNA,79.3
J,49,12020009029021,304202000900923,NOEL CHRISTIAN,41.3
J,50,12020009022005,304202000900472,OSWALD HUFFMAN,79.3
J,51,12020009001054,304202000900055,OTHA WALTER,68.5
J,52,12020009001059,304202000900060,PLES DURHAM,78.3
J,53,12020009001105,304202000900106,PORTER REID,71.7
J,54,12020009022146,304202000900613,ROYAL CARRILLO,54.3
J,55,12020009029069,304202000900971,RUBEN DOUGLAS,15.2
J,56,12020009022267,304202000901018,RUBIN GLOVER,54.3
J,57,12020009001247,304202000900247,STERLING GROSS,16.3
J,58,12020009001081,304202000900082,STEVE LAWRENCE,20.7
J,59,12020009001259,304202000900259,STEVEN DOYLE,80.4
J,60,12020009022116,304202000900583,TOMAS MOSS,79.3
J,61,12020009001213,304202000900213,TOMMIE FARMER,70.7
J,62,12020009002080,304202000900402,TONEY MCLEAN,76.1
J,63,12020009001299,304202000900299,VIRGIL SHAW,68.5
J,64,12020009001200,304202000900200,WESLEY HENDERSON,70.7
J,65,12020009029003,304202000900905,WEST MUELLER,81.5
J,66,12020009001132,304202000900132,WHEELER HARTMAN,72.8
J,67,12020009001177,304202000900177,WILBER HALE,83.7
J,68,12020009001322,304202000900321,WILBERT WADE,33.7
J,69,12020009022259,304202000901010,WILBUR MENDEZ,34.8
J,70,12020009022210,304202000900677,WILBURN CASTANEDA,78.3
J,71,12020009022251,304202000901002,WILEY HICKS,76.1
J,72,12020009022289,304202000901064,WILFORD SWANSON,7.6
J,73,12020009002092,304202000900413,WILFRED DAWSON,35.9
K,1,12020009022075,304202000900542,ART VELAZQUEZ,69.6
K,2,12020009023125,304202000901034,ARTHER KHAN,70.7
K,3,12020009001167,304202000900167,ARTHUR WILSON,78.3
K,4,12020009028040,304202000900869,ASA HAWKINS,85.9
K,5,12020009022058,304202000900525,ASBERRY HOWE,83.7
K,6,12020009001007,304202000900008,ASBURY LIVINGSTON,80.4
K,7,12020009002011,304202000900334,ASHER FROST,68.5
K,8,12020009001014,304202000900015,BISHOP YATES,79.3
K,9,12020009028020,304202000900849,BLAS STARK,72.8
K,10,12020009029053,304202000900955,BOB VALDEZ,82.6
K,11,12020009001010,304202000900011,BYRON JOHNSTON,77.2
K,12,12020009001175,304202000900175,CONRAD BISHOP,67.4
K,13,12020009022230,304202000900690,CORA MCFARLAND,75.0
K,14,12020009001197,304202000900197,CORNELIOUS CONLEY,64.1
K,15,12020009022041,304202000900508,CORNELIUS WELLS,76.1
K,16,12020009028030,304202000900859,COY HEBERT,59.8
K,17,12020009001238,304202000900238,CRAWFORD PONCE,59.8
K,18,12020009001276,304202000900276,DONALD BURKE,40.2
K,19,12020009022233,304202000900693,DORA TREJO,35.9
K,20,12020009001258,304202000900258,DORSEY SCHROEDER,76.1
K,21,12020009028004,304202000900833,ERNIE FITZPATRICK,67.4
K,22,12020009022131,304202000900598,ERNST SWEENEY,75.0
K,23,12020009001155,304202000900155,ERVIN NEWMAN,77.2
K,24,12020009022068,304202000900535,ERWIN WALTON,52.2
K,25,12020009029032,304202000900934,ETHEL DONOVAN,75.0
K,26,12020009028063,304202000900892,EUGENE EVANS,76.1
K,27,12020009001233,304202000900233,FRANCISCO BALDWIN,33.7
K,28,12020009029001,304202000900903,FRANK GARCIA,80.4
K,29,12020009001226,304202000900226,GUSTAF HAHN,19.6
K,30,12020009023096,304202000900793,GUSTAV LUCAS,69.6
K,31,12020009029068,304202000900970,HOUSTON GOODMAN,62.0
K,32,12020009001041,304202000900042,HOWARD BAKER,78.3
K,33,12020009001334,304202000901056,HOWELL WATERS,71.7
K,34,12020009001256,304202000900256,HOY HUTCHINSON,84.8
K,35,12020009001143,304202000900143,IVEY KENT,41.3
K,36,12020009028017,304202000900846,JULES WEBSTER,46.7
K,37,12020009029065,304202000900967,JULIAN BOWMAN,79.3
K,38,12020009022215,304202000900682,JULIUS SANDERS,14.1
K,39,12020009022134,304202000900601,JUNE FOLEY,78.3
K,40,12020009028054,304202000900883,LUDWIG BENITEZ,8.7
K,41,12020009001262,304202000900262,LUIS CHARLES,6.5
K,42,12020009023109,304202000900806,LUKE LAWSON,39.1
K,43,12020009022139,304202000900606,LUM KIRK,68.5
K,44,12020009029020,304202000900922,MONROE HOFFMAN,44.6
K,45,12020009001241,304202000900241,MONT ANDRADE,40.2
K,46,12020009023062,304202000900759,MORGAN FIELDS,54.3
K,47,12020009022145,304202000900612,MORRIS PALMER,20.7
K,48,12020009022197,304202000900664,MORTIMER PATRICK,43.5
K,49,12020009001206,304202000900206,NORMAN MEDINA,41.3
K,50,12020009028041,304202000900870,OTHO PACHECO,64.1
K,51,12020009001315,304202000900314,OTIS CRAWFORD,76.1
K,52,12020009028051,304202000900880,PRESS HENSON,77.2
K,53,12020009023083,304202000900780,PRESTON WHEELER,15.2
K,54,12020009001055,304202000900056,RUDOLPH ANDREWS,66.3
K,55,12020009001147,304202000900147,RUFUS MENDOZA,77.2
K,56,12020009022218,304202000900685,RUSH SHEPHERD,78.3
K,57,12020009001260,304202000900260,STEWART HARDY,69.6
K,58,12020009001002,304202000900003,STONEWALL BOND,53.3
K,59,12020009022217,304202000900684,STUART MULLINS,76.1
K,60,12020009023047,304202000900744,TONY VEGA,17.4
K,61,12020009001118,304202000900118,TRAVIS HESS,50.0
K,62,12020009001280,304202000900280,TROY DYER,76.1
K,63,12020009001218,304202000900218,VIVIAN SEXTON,43.5
K,64,12020009022206,304202000900673,WILL CLARK,9.8
K,65,12020009001173,304202000900173,WILLAM FRENCH,75.0
K,66,12020009028038,304202000900867,WILLARD SIMPSON,71.7
K,67,12020009022208,304202000900675,WILLIAM JOHNSON,22.8
K,68,12020009022055,304202000900522,WILLIAMS COLLIER,55.4
K,69,12020009001304,304202000900304,WILLIE KING,73.9
K,70,12020009028058,304202000900887,WILLIS BENNETT,71.7
K,71,12020009001121,304202000900121,WILMER AGUIRRE,66.3
K,72,12020009001303,304202000900303,WILSON SALAZAR,66.3
K,73,12020009002051,304202000900374,YOUNG CASEY,76.1
L,1,12020009023012,304202000900709,ASHLEY CLINE,52.2
L,2,12020009023082,304202000900779,AUBREY WOLFE,71.7
L,3,12020009001067,304202000900068,AUGUST KELLY,51.1
L,4,12020009001308,304202000900308,AUGUSTIN GLASS,82.6
L,5,12020009001235,304202000900235,AUGUSTINE NORTON,73.9
L,6,12020009001026,304202000900027,AUGUSTUS ROBERTSON,51.1
L,7,12020009022078,304202000900545,AUSTIN RAY,76.1
L,8,12020009023117,304202000900814,BOYD NEWTON,57.6
L,9,12020009022172,304202000900639,BRUCE GREENE,76.1
L,10,12020009001092,304202000900093,BRUNO MERRITT,68.5
L,11,12020009022083,304202000900550,CREED BARAJAS,79.3
L,12,12020009022033,304202000900500,CRUZ ENRIQUEZ,35.9
L,13,12020009001086,304202000900087,CULLEN ABBOTT,80.4
L,14,12020009022137,304202000900604,CURT HICKMAN,72.8
L,15,12020009029009,304202000900911,CURTIS GARZA,47.8
L,16,12020009001036,304202000900037,CYRUS LANE,66.3
L,17,12020009023063,304202000900760,DOSS HOUSE,25.0
L,18,12020009022086,304202000900553,DOUGLAS BARRETT,63.0
L,19,12020009022089,304202000900556,DREW REILLY,84.8
L,20,12020009001028,304202000900029,EVAN HAIL,23.9
L,21,12020009023024,304202000900721,EVANS JEFFERSON,10.9
L,22,12020009028070,304202000900899,EVERETT GRAHAM,46.7
L,23,12020009001161,304202000900161,EVERT OWEN,55.4
L,24,12020009001320,304202000900319,EZEKIEL BLAKE,40.2
L,25,12020009001295,304202000900295,EZRA SIMS,20.7
L,26,12020009029019,304202000900921,FRANKLIN FISHER,72.8
L,27,12020009022228,304202000900987,FRED ANDERSON,76.1
L,28,12020009022271,304202000901022,GUSTAVE ESTRADA,37.0
L,29,12020009029007,304202000900909,GUY ORTIZ,59.8
L,30,12020009001327,304202000900974,HUBERT HART,48.9
L,31,12020009001237,304202000900237,HUGH PETERSON,72.8
L,32,12020009023037,304202000900734,HUGO MCDANIEL,33.7
L,33,12020009001274,304202000900274,HUNTER LANG,73.9
L,34,12020009029018,304202000900920,IVORY WILEY,68.5
L,35,12020009001321,304202000900320,JUNIOUS NAVA,46.7
L,36,12020009028023,304202000900852,JUNIUS HORTON,72.8
L,37,12020009023067,304202000900764,JUSTIN RUSSO,65.2
L,38,12020009022044,304202000900511,JUSTUS BASS,39.1
L,39,12020009029040,304202000900942,LUTHER MURPHY,44.6
L,40,12020009022158,304202000900625,LYLE DEJESUS,82.6
L,41,12020009023056,304202000900753,LYMAN ACOSTA,69.6
L,42,12020009022048,304202000900515,LYNN CURTIS,78.3
L,43,12020009022125,304202000900592,MORTON HUANG,7.6
L,44,12020009001251,304202000900251,MOSE CARPENTER,68.5
L,45,12020009001001,304202000900002,MOSES HAMILTON,59.8
L,46,12020009022237,304202000900697,MURRAY HARMON,75.0
L,47,12020009001305,304202000900305,MYRON SINGH,66.3
L,48,12020009001066,304202000900067,NORRIS BURNETT,66.3
L,49,12020009029016,304202000900918,OTTO MORALES,55.4
L,50,12020009023068,304202000900765,OWEN HUNT,70.7
L,51,12020009023036,304202000900733,PRICE ONEAL,44.6
L,52,12020009023034,304202000900731,PRINCE MONTOYA,78.3
L,53,12020009022204,304202000900671,RUSSEL HUERTA,80.4
L,54,12020009022039,304202000900506,RUSSELL GRANT,64.1
L,55,12020009028031,304202000900860,RUTHERFORD PRESTON,31.5
L,56,12020009001231,304202000900231,SUMNER WALL,75.0
L,57,12020009001103,304202000900104,SYDNEY SHAFFER,71.7
L,58,12020009028033,304202000900862,SYLVESTER TUCKER,54.3
L,59,12020009001056,304202000900057,TRUMAN BEIL,65.2
L,60,12020009001296,304202000900296,TURNER WHITAKER,75.0
L,61,12020009023065,304202000900762,TYLER HENDRICKS,71.7
L,62,12020009028013,304202000900842,VOLNEY YODER,80.4
L,63,12020009022067,304202000900534,WILTON DUARTE,27.2
L,64,12020009001224,304202000900224,WINFIELD GRIFFIN,7.6
L,65,12020009001223,304202000900223,WINFRED NASH,76.1
L,66,12020009001122,304202000900122,WM BUCHANAN,17.4
L,67,12020009001283,304202000900283,WONG VELEZ,39.1
L,68,12020009022213,304202000900680,WOODSON PRINCE,56.5
L,69,12020009023110,304202000900807,WORTH MACDONALD,56.5
L,70,12020009023112,304202000900809,WYATT HAMMOND,25.0
L,71,12020009023058,304202000900755,WYLIE WILKINS,83.7
L,72,12020009022283,304202000901048,ZACK LIN,60.9
L,73,12020009002052,304202000900375,ZEB MEZA,72.8
